314	 		2 Hoeveel bronzen medailles heeft Hongarije gewonnen in de Olympische Spelen van 1896?	5 Hoeveel atleten namen deel aan de Olympische Zomerspelen van 2008?	7 Hoeveel medailles heeft Nederland gewonnen in de Zomerspelen van 1906?	8 Hoeveel landen namen deel aan de Olympische Winterspelen van 2002?	10 Voor welke teams heeft degene die de olympische vlam in de Winterspelen van 2010 heeft ontstoken gespeeld?	11 Op wat voor baan wordt een meerkamp gehouden?	13 Wat was Ranomi Kromowidjojo haar eerste professionele wedstrijd?	14 Welke 3 zwemstijlen heeft Ranomi Kromowidjojo?	15 In welke stad of dorp is Sven Kramer geboren?	18 Welke twee bijnamen heeft Epke Zonderland?	20 Aan wat voor stok hangt Epke Zonderland?	22 In welk discipline is Pedro Pablo Pichardo gespecialiseerd?	23 Wie zijn de olympische Brazilliaanse zwemmers?	24 Hoe veel Australische deelnemers dragen de naam Johnson?	25 Op welke positie speelt de voetballer Tatsuya Tanaka?	28 Welke wapens worden er gebruikt binnen het Olympisch Schermen?	31 In welk land worden de Omlympische Zomerspelen van 2016 gehouden?	32 Op welke datum beginnen de Olympische zomerspelen van 2016?	33 Wie verichtte de opening van de Olympische Winterspelen van 2015?	38 Door wie worden de Olympische Zomerspelen georganiseerd?	40 Wat was het motto van de Olympische Zomerspelen van 2012?	41 In welk land worden de Olympische Zomerspelen van 2016 gehouden?	42 Op welke datum worden de Olympische Zomerspelen van 2016 geopend?	43 Welke sport beoefent Olympisch Kampioen Aleksandr Vinokoerov?	44 Door wie worden de Olympische Jeugdspelen georganiseerd?	48 Wat was het motto van de Olympische Zomerspelen in 2012?	51 In welk jaar waren de eerste Olympische Spelen?	52 In welke stad waren die eerste Olympische Spelen?	53 Welke twee atleten heeft de coach van Ranomi Kromowidjojo ook gecoached?	54 Wie is groter, Maaike De Waard of Ranomi Kromowidjojo?	56 Wat is het beste turn onderdeel van Epke Zonderland?	58 Is bij het onderdeel Hoogspringen, het Nederlands of het Belgisch record hoger?	64 Waar zijn de eerstvolgende Olympische Zomerspelen?	70 Wat was het motto van de Olympische Zomerspelen in 2012?	71 In welk jaar was de eerste olympische spelen gehouden?	72 Wat was als motto gebruikt voor de 2012 Olypische Zomerspelen	73 Welke sporten zijn gebruikt voor de Wlypische Winterspelen	75 Welke zwemstijlen gebruikt Micheal Phelps	76 Hoeveel deelnemers in de Olympische Winterspelen kwamen uit denemarken?	78 Van welk land is de huidige voorzitter van het Internationaal Olympisch Comite?	80 Hoeveel zitplaatsen heeft het Russische Olympische stadion Loezjniki?	82 Door welke organisatie worden de Olympische Winterspelen georganiseerd?	83 Welke Schotse curler is geboren op 8 oktober 1988?	87 Wat is het motto van die Winterspelen die Zuid-Korea zullen plaatsvinden?	88 Hoeveel Olympische wintersporten zijn er?	89 In welke jaren werd Sjoukje Dijkstra wereldkampioen?	97 Hoeveel zomersporten worden er in de Olympische Spelen beoefend?	99 De hoeveelste Olympishce Winterspelen werden geopend door toenmalig Vicepresident van de Verenigde Staten Richard Nixon?	100 Hoeveel Nederlandse deelnemers waren aanwezig op de Olympische Zomerspelen van 2004?	103 In welke stad worden de Olympische Zomerspelen na 2016 gehouden?	104 In welke plaats waren de Olympische Zomerspelen voor 2016?	106 Welke editie van de Olympische Zomerspelen was het evenement in 2012?	108 Wie zijn ooit Nederlands Olympisch kampioen geworden?	109 Op welke afstanden en op welke Spelen heeft Ireen Wüst een Olympische gouden medaille gewonnen?	110 Hoeveel Olympische medailles heeft Pieter van den Hoogeband gewonnen?	111 In welk jaar werd Judo voor het eerst ingevoerd op de Olympische Zomerspelen?	112 In welke stad werden de Olympische Zomerspelen van 2012 gehouden?	115 Hoeveel gouden medailles won zwemmer Michael Phelps op de Olympische Zomerspelen 2008 in Peking?	117 Hoeveel goals scoorden de mannen in totaal met hockey op de Olympische Zomerspelen van 2012?	118 In welk jaar werd vrouwenvoetbal toegevoegd aan de Olympische Spelen?	121 Op welke Olympische Spelen droeg Sven Kramer de Nederlandse Vlag?	123 Hoeveel sporten worden er gespeeld op de Olympische Zomerspelen?	126 Welke sport speelt Ilse van de Meijden?	129 Hoeveel goud won Nederland tijdens de Paralympische Spelen van 2008?	130 Wie werden getraind door Marc Lammers?	131 Waarvoor heeft Epke Zonderland een gouden medaille op de Olympische spelen?	134 Met welke sport werd Frankrijk Olympisch kampioen in 2012?	135 Wie waren de Nederlandse vlagdragers op de Olympische Spelen van 2000?	136 Op welke datum was de opening van de Olympische Zomerspelen in 1900?	137 Aan welke sport doet Inge de Bruin?	139 In welk jaar werd de vrije slag paralympisch?	142 In welke stad spelen de Olympische Spelen van 2016 zich af	143 Hoevaak won Nederland goud op de Olympische Spelen van 2010	144 In welke plaats worden de Olympische Spelen na Rio gehouden	146 In welk jaar waren de eerste Olympische Winterspelen	149 Van welke Olympische Spelen was Simon de Wit de Chef de mission?	152 In welk/welke jaren was Rodger Federer vlaggendrager op de Olympische Spelen?	153 Op welke dag is Ranomi Kromowidjojo geboren?	154 Op welke locatie(s) wordt/worden de winterspelen van 2018 gehouden?	155 Sinds wanneer is basketbal een paralympische sport?	156 Welke volleybal teams werden bij de afgelopen spelen Olympisch kampioen?	158 Ik welk jaar werd de eerste Olympische Zomerspelen gehouden?	159 Ik welke sportcategorie/sportcategorieen valt tafeltennis?	160 Hoeveel bronze medailles won Nederland op de Olympische Zomerspelen van 2012?	162 Hoeveel bronzen medailles won de Verenigde Staten op de Olympische Winterspelen 2014?	165 In welke slagen participeerde Michael Phelps op de Olympsiche Spelen?	167 In welk jaar werd Beachvolleybal een Olympische Sport	169 Hoe word het olympisch stadion in Beijing genoemd?	170 Hoeveel sporten worden er uitgevoerd bij de Olympsiche Zomerspelen?	172 Op welke datum werd de vlam van Olympische Zomerspelen in 2000 ontstoken?	173 In welk onderdeel is Bonnie Blair gespecialiseerd?	177 Hoeveel gouden medailles heeft Nederland gehaald op de Olympische Winterspelen in 2002?	179 Sinds wanneer is taekwondo een Olympische sport?	184 Welke nationaliteit heeft Olympisch kampioen Usain Bolt?	187 Op welke afstanden pakte Pieter van den Hoogeband een gouden medaille op de Olympische zomerspelen van 2000?	189 Bij welke sport pakte Olympisch sporter Henk Grol een bronzen medaille op de Olympische zomerspelen van 2012?	190 Hoeveel gouden Olympische medailles heeft wielrenster/veldrijdster Marianne Vos al op haar naam staan?	191 In welke plaats waren de eerste moderne Olympische spelen?	195 Hoeveel dagen duurde de eerste moderne spelen?	196 Wie won goud op de 400 meter mannen op de eerste moderne Olypische spelen?	198 Zijn de volgende spelen zomer of winterspelen?	200 In welke plaats won Sven Kramer silver?	202 Wat zijn de volgende spelen?	207 In welk seizoen waren de Olympische Zomerspelen 2016?	208 In welk jaar werden de Olympische Zomerspelen 2016 gehouden?	211 In welk jaar deden er 159 landen mee aan de Olympische Zomerspelen?	212 Door wie werd de olympische vlam in 1994 gedragen?	213 Als wat staan de in Atlanta gehouden Olympische Spelen ook wel bekend?	214 Hoeveel Olympische Winterspelen zijn er vóór 1998 georganiseerd?	215 In welk land werden de 27ste zomerspelen gehouden?	216 Op welke datum zijn de spelen van 2002 gestart?	217 Naar welk land keerden de Olympische Spelen na 108 jaar weer terug?	218 Met welke spelen deden 5140 atleten en 93 landen mee?	220 In welk jaar was het aantal atleten bij de Olympische Spelen voor het eerst groter dan tienduizend?	221 In welke plaats was de eerste Olympische Zomerspelen?	222 Op welke datum begon de Olympische Zomerspelen in 2000?	223 In welke plaats waren de Olympische Zomerspelen na de Olympische Zomerspelen van 2004?	224 Waren de Olympische Spelen in 2002 zomer of winter spelen?	225 In welk land zijn de Olympische Spelen van 2016?	227 In welk jaar deden 651 atleten uit 12 verschillende landen mee aan de Olympische Spelen?	228 In welke hoofdstad was de Olympische Winterspelen toen de eed gezworen werd door Torbjorn Falkanger?	232 Tijdens welke Olympische Spelen vond het Bloedbad van Munchen plaats?	233 Wat was het motto van de Olympische Zomerspelen in 2008?	234 Waar waren de Olympische Zomerspelen van 2000?	235 Bij welke Olympische spelen droeg Muhammad Ali de vlam?	237 Hoeveel leden heeft het Internationaal Olympisch Comite?	238 Hoeveel gouden medailles won Nederland op de Olympische Winterspelen van 2014?	241 Hoeveel gouden medailles heeft Anky van Grunsven in totaal gewonnen op de Olympische Spelen?	242 In welke sport was Pieter van den actief op de Olympische Spelen?	244  In welke sport won Mariane Vos een gouden medialle?	246  Uit welke plaats komt Ranomi Kromowidjojo?	248  Door wie werd de Olympische Winterspelen 2014 geopend?	249  In welke plek werd het wielrennen gehouden tijdens de Olympische Spelen in 2012?	250  In welke sport is Dorian van Rijsselberghe gespecialiseerd?	253 Hoeveel soorten sportevenementen werden georganiseerd tijdens de Olympische Zomerspelen 2012?	255 Hoeveel goud Medailles had Michael Phelps gewonnen op Olympische Spelen?	257 Sinds welk jaar staat synchroonzwemmen op het Olympische programma?	259 Wanneer was de eerste keer dat Sun Yang deelnemen aan de Olympische Spelen?	260 Hoeveelste Olympiade zijn de Olympische Zomerspelen 2016?	261 Op welke datum beginnen de Olympische Zomerspelen 2016?	262 Wat is het motto van de Olympische Zomerspelen 2016?	263 Waar vonden de Olympische Zomerspelen 1984 plaats?	266 In welk jaar waren de eerste Olympische Zomerspelen?	267 Won Nederland meer bronzen of zilveren medailles op de Olympische Zomerspelen van 2008?	270 Hoeveel zilveren en gouden medailles won Nederland op de Olympische Spelen in 2000?	278 Op welke locaties wordt 20 kilometer snelwandelen gedaan?	279 Sinds wanneer is kogelstoten een olympische sport?	280 Op welke datum is Randy Barnes geboren?	281 Welke twee versies van de Olympische Spelen zijn er?	282 In welke stad zullen de Olympische Winterspelen van 2018 worden gehouden?	283 In welk jaar won Gerard van Velde een gouden medaille op de Olympische Spelen?	286 Hoeveel soorten sport zullen aanwezig zijn op de Olympische Zomerspelen in 2016?	287 Hoeveel centimeter is de doorsnede van een basket bij Basketbal?	288 Welke taal spreekt Kaj Verbij naast Nederlands?	290 De hoeveelste plek behaalde Martin Sheridan bij het hoogspringen uit stand op de Olympische Spelen van 1906?	291 In welk land worden de Olympische Spelen in 2016 gehouden?	297 Wat was het motto van de Olympische Zomerspelen in 2004?	303 Hoeveel sporten heeft de olympische spelen?	306 Wat is het motto van de olympische zomerspelen in 2008?	309 Van welke olympische spelen was Inspire a Generation het motto?	310 Op welke datum opende de olympische winterspelen van 2006?	314 Aan welke Olympische spelen heeft Usain Bolt meegedaan?	315 Aan wat voor sport deed Maarten Kloosterman mee?	316 Wat is zijn volledige naam?	318 Aan wat voor sport deed Ria Stalman mee?	319 Heeft ze een medaille gewonnen?	322 Welke rol speelde Huang Li Pei in de Olympische spelen?	323 Hoevaak werden de Olympische Zomerspelen in Griekenland gehouden?	324 Welke rol speelde Cathy Freeman in de Olympische Spelen?	328 Bij welke Olympische spelen ontstak Robyn Perry the flame?	330 In welke jaren werden de Olympische Zomerspelen in de Verenigde Staten gehouden?	332 In welk jaar is Churandy Martina geboren?	333 Welke Nederlandse sprinter is 178.0 cm lang en weegt 74.0 kg?	337 Welke nationaliteit heeft de sprinter die 178.0 cm lang is, 74.0 kg weegt en geboren is op 1984-07-03?	339 In welke jaren heeft de Nederlandse sprinter geboren op 1984-07-03 te Willemstad meegedaan aan de zomer Olympische Spelen, waar hij uitkwam als sprint atleet voor de Nederlandse Antillen?	340 Wat is de nickname van de Jamaicaanse sprinter en medaille winnaar, geboren op 1986-08-21 te Sherwood Content, Trelawny, Jamaica?	341 Waar waren de olympische spelen 2008?	342 In welke sporten is nederland Olympische Kampioen	343 wat is de snelste 100m sprint ooit gelopen op de olympische spelen?	345 was de olympische spelen 1988 een zomer of winter spelen?	346 hoeveel evenementen Olympische Spelen 1948?	349 hoeveel onderdelen had atletiek op de olympische spelen 2004?	352 Waar worden de Olympische zomerspelen gehouden in 2016?	353 In welk jaar werden voor het laatst de olympische zomerspelen in Australië gehouden?	354 Wie waren de vlaggendragers van de Nederlandse vlag bij de olympische spelen in 2008?	355 Wat was het motto op de olympische zomerspelen in Athene?	357 In welke stadions werden de voetbalwedstrijden op de olympische zomerspelen van Londen in 2012 gespeeld?	361 Wie is Usain Bolts coach?	362 Hoeveel gouden medailles won Michael Phelps tot nu toe?	367 In welke sport disciplines is Benjamin Raich actief?	368 Hoeveel gouden medailles won Oostenrijk in de laatste Olympische Winterspelen?	369 Wie waren de Nederlandse vlagdragers tijdens de laatste Olympische Zomerspelen?	370 Aan welke Olympische Spelen nam Benjamin Raich deel?	372 Waar waren de afgelopen Olympische Zomerspelen?	373 In welk jaar werden de eerste moderne Olympisch Spelen gehouden?	375 Wat was het motto van de Olympische Zomerspelen in 2012?	377 Tijdens welke Olympische Spelen maakte Hao Yun zijn eerste debuut?	380 Welke personen coached Patrick Pearson?	381 In welk jaar zijn de volgende Olympische Spelen?	383 In welk land zijn de volgende zomerspelen?	385 Waarin is Nederland Olympisch kampioen?	386 Wat zijn de volgende en vorige locatie van de zomerspelen?	388 In welke regio ligt Rio de Janeiro?	389 Hoeveel inwoners heeft Rio de Janeiro?	390 Wat voor Olympische spelen zijn er?	391 In welk jaar vindt de volgende zomerspelen plaats?	393 Waar vind de volgende zomerspelen na de zomerspelen in 2016 plaats?	396 In welke accomodatie vonden de wedstrijden ijshockey in Sotsji plaats?	397 Hoeveel gouden medailles won Canada op de Olympische Winterspelen in 2010?	401 Welke Olympische sport beoefend Sven Kramer?	404 Wat was het motto tijdens de Olympische Zomerspelen in 2012	405 Door wie werd de Olympische Winterspelen in 2014 geopend?	408 In welk jaar werden de moderne Olympische Spelen voor het eerst gehouden?	409 Op welke disciplines binnen het zwemmen behaalde Michael Phelps een gouden Olympische medaille?	411 Ter ere van wie werden de Olympische spelen in de klassieke oudheid georganiseerd	413 Welke sporten worden toegevoegd aan de komende Olympische zomerspelen	414 Is voetbal voor vrouwen een Olympische sport?	418 De olympische spelen van 1956 werden afgewerkt in twee landen, welke?	420 Hoeveel miljard hebben de Spelen van Sotsji ongeveer gekost?	421 Waar waren de Olympische spelen in 2008?	423 Welke medaille won Rafael Nadal op de Olympische spelen in 2008?	429 Waar waren de Zomerspelen voor Peking?	430 Wie droeg de vlam tijdens de Olympische spelen in 2004?	432 Tijdens welke Olympische Spelen won Nederland de meeste medailles?	433 Wie zijn olympische kampioenen afkomstig uit Noord Korea?	438 Door wie werden de Olympische Spelen in 1936 geopend?	448 Hoeveel landen deden er mee aan de eerste olympische spelen?	449 Wat is het motto van de volgende olympische winterspelen?	451 Wat is het motto van de olympische winterspelen van 2018?	454 Hoeveel bronzen medailles won de Sovjet-Unie tijdens de winterspelen van 1988?	455 Hoeveel deelnemers hadden de Verenigde Staten tijdens de olympische winterspelen van 1932?	457 Van wie waren de olympische zomerspelen van 1992 in Barcelona?	458 In welke plaats werden de zomerspelen van 2000 gehouden?	459 De hoeveelste zomerspelen worden gehouden in 2016?	461 In welk jaar was de eerste olympische spelen gehouden?	462 Wat was als motto gebruikt voor de 2012 Olypische Zomerspelen	463 Welke sporten zijn gebruikt voor de Wlypische Winterspelen	465 Welke zwemstijlen gebruikt Micheal Phelps	466 Hoeveel deelnemers in de Olympische Winterspelen kwamen uit denemarken?	468 Van welk land is de huidige voorzitter van het Internationaal Olympisch Comite?	470 Hoeveel zitplaatsen heeft het Russische Olympische stadion Loezjniki?	471 In welk jaartal waren de eerste Zomerspelen?	478 Hoe worden de Olympische Zomerspelen ook wel genoemd?	479 Hoeveel Olympische wintersporten zijn er?	480 Hoeveel olympische kampoenen heeft Indonesie?	481 Welke Olympisch deelnemer werd geboren op 12 januari 1873 en stierf in Maroussi?	482 Welke sport beoefende Gregory C. Bell?	483 Waarop wordt de sport verspringen beoefend?	484 Onder welke sportcategorien valt Atletiek?	486 Welke atleet is op 5 augustus 1982 geboren in Des Moines (Iowa)?	487 In welke steden werden spelen georganiseerd na spelen die geopend waren door George I van Griekenland?	494 Door wie zijn de Olympische Spelen in Engeland geopend?	499 In welk jaar vonden de eerste Olympische Winterspelen Plaats?	507 Hoeveel zomersporten worden er in de Olympische Spelen beoefend?	509 De hoeveelste Olympishce Winterspelen werden geopend door toenmalig Vicepresident van de Verenigde Staten Richard Nixon?	510 Hoeveel Nederlandse deelnemers waren aanwezig op de Olympische Zomerspelen van 2004?	511 Wat was het motto van de Olympische Zomerspelen in Londen in 2012?	512 In welke plaats worden de Olympische Zomerspelen in 2016 gehouden?	513 In welk jaar werden de eerste moderne Olympische Spelen gehouden?	515 Hoeveel spelen zullen er tijdens de Olympische Winterspelen in 2018 zijn?	516 Wat voor sport beoefent Anna Haag?	519 In wat voor soort Spelen in 2018 is het motto "Passion. Connected."?	521 Waar en in welk jaar vonden de eerste olympische spelen plaats?	522 Hoeveel gouden medailles heeft Inge de Bruijn in totaal behaald?	525 Wat was het motto van de Olympische zomerspelen in London van 2012?	528 Aan welke universiteit heeft Erica Terpstra?	529 Zijn de Olympische spelen van 2018 in Pyeongchang zomer of winterspelen?	531 In welke plaats waren de eerste moderne Olympische spelen?	535 Hoeveel dagen duurde de eerste moderne spelen?	536 Wie won goud op de 400 meter mannen op de eerste moderne Olypische spelen?	538 Zijn de volgende spelen zomer of winterspelen?	540 In welke plaats won Sven Kramer silver?	541 Waneer werden de eerste officiele olympische spelen gehouden? R?	542 Wat is de organisator van de olympische spelen?	543 Wat is de website van de olympische spelen?	544 In welk jaar vinden de volgende olympische zomerspelen plaats?	546 Wat was het motto van de olympische zomerspelen van 2008?	547 Wat voor olympische-sportdiscipline beoefende Anky van Grunsven?	548 In welke plaats werd de olympische spelen voorgaand aan die van Turijn gehouden?	553 Welke disciplines heeft de sport Hordelopen?	554 Door wie werden de Olympische Zomerspelen van 2012 geopend?	556 Hoeveel bronzen medailles heeft Nederland gewonnen op de Olympische Winterspelen van 2002?	558 Welke varianten heeft het Meerkamp?	559 Welke sporten werden er in 2000 toegevoegd aan de Olympische Spelen?	563 Welke schaatser is geboren in Oudeshoot en heeft als coach Jac-Orie?	564 In welke stad werden de Olympische spelen van 1988 gehouden?	565 In welk jaartal werden de Olympische spelen in Amsterdam gehouden?	566 In welk jaartal werden de Olympische spelen in Lake Placid gehouden?	567 In welke jaartallen werden de Olympische spelen in Canada georganiseerd?	568 Welke zwemmer is op 30 juni 1985 geboren?	569 Welke wielrenner komt uit Kenia?	575 Wat was het motto van de olympische spelen in 2004?	576 In welk jaar werden de olympische winterspelen in vancouver gehouden?	577 Sinds wanneer is boogschieten een olympische sport?	578 Hoeveel olympische wintersporten zijn er?	579 Hoeveel medailles won jamaica op de olympische winterspelen in 1988?	580 Wat was de rang van nederland op de olympische spelen in 1972	582 Wie is er verantwoordelijk voor het organiseren van de Olympische Spelen?	583 In welke jaar waren de vorige Zomerspelen?	585 In welk stadje werden de eerste Winterspelen gehouden?	586 Wat is het motto van de Winterspelen van 2018?	588 Door wie werden de Olympische Zomerspelen van 2012 geopend?	590 Wat was het aantal deelnemende atleten aan de Olympische Zomerspelen van 2000?	591 In welke plaats worden de Olympische Zomerspelen van 2016 gehouden?	594 Op welke dag begon de Olympische Spelen van 1992?	596 Hoeveel gouden medialles won de Verenigde Staten op de Olympische Zomerspelen van 2008?	598 Wat voor soort Olympische Spelen vinden er plaats in 2020?	599 Aan hoeveel sporten deed Zweden mee op de Olympische Zomerspelen van 1976?	600 In welk jaar waren de eerste Olympische Winterspelen?	601 Wat is het motto van de Olympische Winterspelen van 2014?	602 Op welke datum begonnen de Olympische Winterspelen van 2014?	603 In welk jaar werden de Olympische Spelen in Nederland gehouden?	606 In welk jaar werden de eerste Olympische Zomerspelen gehouden?	610 In welke plaats worden de Olympische Zomerspelen van 2018 gehouden?
55	zijn		4 Wanneer was de eerste Olympische Zomerspelen?	26 Wat is de bijnaam van de voetballer die zowel bij de Urawa Red Diamonds als bij de Schiedamse Voetbal Vereniging heeft gespeeld?	61 Wanneer waren de eerste Olympische Spelen?	62 Wanneer zijn de volgende Olympische Winterspelen?	63 Wanneer zijn de volgende Olympische Zomerspelen?	67 Wie zijn huidig wereldkampioen op de 100m sprint?	77 Wat is het aantal landen die meededen aan het kunstrijden op de Olympische Winterspelen in 2010?	105 Wanneer is de sluiting van de Olympische Zomerspelen in 2016?	128 Wanneer waren de eerste Paralympische Spelen?	147 Wanneer was de start van de Paralympische Zomerspelen van 2016	148 Hoeveel deelnemende atleten waren er op de Olympische Spelen van 1896	194 Hoeveel fakkelsdragers waren er bij de spelen van 2012?	199 Hoeveel onderdelen zijn er bij atletiek op de Olympische Spelen?	201 Welke organisatie is van de Olympische Spelen?	203 Wanneer was de start van de Olympische Zomerspelen 1896?	205 Wanneer was de sluiting van de Olympische Zomerspelen 2012?	209 Wanneer zijn de spelen na de Olympische Zomerspelen 2020?	210 Wanneer waren de spelen voor de Olympische Zomerspelen 2020?	231 Wanneer waren de eerste Olympische Winterspelen?	236 Wanneer zijn de volgende Olympische Winterspelen?	240 Welke Nederlanders waren in 2012 vlaggendragers op de Olympische Zomerspelen?	254 Wanneer waren de eeste moderne Olympische Zomerspelen?	269 Welke stad was na Peking aan de beurt om de Olympische Zomerspelen te oraniseren?	276 Wanneer waren de eerste edities van de Paralympische Spelen?	292 In welke stad is de zwemmer Michael Phelps die op de Olympische Zomerspelen in 2008 acht gouden medailles won geboren?	304 Wanneer waren de eerste olympische spelen?	311 Wanneer zijn de volgende Olympische spelen?	312 Wanneer waren de vorige Olympische spelen?	321 Wanneer waren de eerste Olympische Zomerspelen?	335 Hoe zwaar is de sprint atleet van de Nederlandse Antillen die geboren is op Curaçao?	371 Wanneer zijn de volgende Olympische Winterspelen?	378 Wanneer waren de laatste Olympische Zomerspelen in Nederland?	382 Wanneer waren de eerste Spelen?	387 Wanneer is de opening van de Olympische spelen?	394 Wanneer was de eerste Olympische Winterspelen	400 Wat is de startdatum van de Olympische Zomerspelen in 2000	424 Wanneer waren de eerste Olympische spelen?	440 Wanneer was korfbal een olympische sport?	441 Wanneer waren de laatste olympische winterspelen?	442 Hoeveel deelnemers waren er bij de olympische zomerspelen van 2012?	467 Wat is het aantal landen die meededen aan het kunstrijden op de Olympische Winterspelen in 2010?	472 Hoeveel Belgische sporters waren op de eerste Paralympische Winterspelen?	473 Wanneer was judo een olympische sport?	474 Wat was de discipline van de olympisch kampioen die is overleden op 28 maart 1953?	489 Wanneer zijn de eerstvolgende zomerspelen?	491 Wanneer waren de laatste Olympische winterspelen?	493 Wanneer zijn de eerstvolgende Olypische Zomerspelen, na 2016?	520 Hoeveel fakkeldragers waren er in de Olympische Zomerspelen van 2012?	526 Hoeveel deelnemende landen waren er bij de zomerpelen van 2008?	534 Hoeveel fakkelsdragers waren er bij de spelen van 2012?	539 Hoeveel onderdelen zijn er bij atletiek op de Olympische Spelen?	550 Welke afstanden waren de specialisatie van de schaatser Johann Olav Koss?	570 Welke sporten waren al Olympisch voor het jaar 1000?	571 Wanneer was de eerste editie van de olympische winterspelen?	584 Wat is het jaar waarin de eerste moderne Zomerspelen werden gehouden?
37	mee_doen		35 Hoeveel atleten deden er mee aan de Olympische Winterspelen van 2014?	39 Hoeveel landen deden er mee aan de Olympische Zomerspelen van 2012?	45 Hoeveel landen deden mee aan de Olympische Jeugdzomerspelen van 2010?	66 Hoeveel atleten deden mee aan de Olympische Zomerspelen van 2012?	68 Hoeveel landen doen mee aan de Olympische Winterspelen?	85 Hoeveel atleten deden er mee aan de laatste Zomerspelen?	90 Hoeveel landen deden mee aan de eerste moderne Olympische Spelen?	107 Hoeveel atleten deden er mee aan de allereerste Olympische Zomerspelen?	116 Hoeveel Nederlanders deden er mee aan de Olymische Zomerspelen van 2012?	127 Hoeveel atleten deden mee aan de eerste (moderne) Olympische Spelen?	133 Hoeveel landen deden mee aan de Olympische Spelen van 2008?	185 Hoeveel atleten deden mee aan de Olympische winterspelen van 2014?	192 Hoeveel sporters deden mee aan de laatste Olympische spelen?	204 Hoeveel atleten deden mee aan de Olympische Zomerspelen 2012?	226 Hoeveel landen deden er mee aan de Olympische Spelen toen Sir William Deane de openings-speech gaf?	252 Hoeveel deelnemers doen mee aan de Olympische Zomerspelen 2012?	264 Hoeveel landen deden er mee aan de Olympische Zomerspelen in 2012?	300 Hoeveel landen deden er mee aan de Olympische Zomerspelen van 2000?	307 Hoeveel landen deden mee aan de zomerspelen van 2012?	308 Hoeveel spelers deden mee aan de zomerspelen van 2012?	326 Hoeveel landen deden mee aan de Olympische Winterspelen 1998?	344 hoeveel landen deden mee aan de olympische spelen 2000?	351 Hoeveel atleten deden er mee in 2008 met de olympische zomerspelen in Beijing?	374 Hoeveel atleten deden er mee aan de Olympische Zomerspelen van 1896?	395 Hoeveel landen doen er mee aan de Olympische Winterspelen in 2018	402 Hoeveel landen deden mee aan de Olympische Winterspelen in 1988?	419 Hoeveel landen deden mee aan de Olympische spelen van 1964 in Tokio?	422 Hoeveel atleten deden mee aan de Olympische Spelen in Peking?	437 Hoeveel sporters uit Jamaica deden mee aan de Olympische Spelen in 2014?	453 Hoeveel landen deden mee aan de olympische zomerspelen van 1984?	495 Hoeveel atleten deden mee aan de Olympische Zomerspelen in China	518 Hoeveel landen deden er mee tijdens de eerste moderne Olympische Spelen?	532 Hoeveel sporters deden mee aan de laatste Olympische spelen?	545 Hoeveel landen deden er mee aan de olympische zomerspelen van 2008?	551 Hoeveel atleten deden mee aan de Olympische Zomerspelen in 2012?	573 Hoeveel landen deden in 1948 mee aan de olympische spelen?	592 Hoeveel atleten deden er mee in de Olympische Zomerspelen van 1896?
25	houden		36 Wanneer werden de eerste Olympische Winterspelen gehouden?	37 Wanneer werden de vorige Olympische Winterspelen gehouden?	50 Waar worden de Olympische Winterspelen van 2018 gehouden?	65 Waar werden de vorige Olympische Zomerspelen gehouden?	95 Waar werden de Olympische Winterspelen na de Olympische Winterspelen van 2002 gehouden?	102 Waar worden de Olympische Spelen in 2016 gehouden?	124 Waar worden de Olympische Spelen in 2020 gehouden?	161 Waar werden de Olympische Zomerspelen van 1996 gehouden?	174 Waar worden de Olympische Zomerspelen in 2016 gehouden?	197 Wanneer werden de Olypische spelen in Nederland gehouden?	206 Waar werden de Olympische Zomerspelen 2016 gehouden?	251 Waar worden de Olympische Zomerspelen 2016 gehouden?	274 Waar werden de Olympische Winterspelen van 2014 gehouden?	301 Wanneer worden de volgende zomerspelen gehouden?	302 Wanneer worden de volgende winterspelen gehouden?	364 Waar werden de Olympische Zomerspelen van de XXVIIe olympiade gehouden?	366 Wanneer worden de eerstvolgende Olympische Winterspelen gehouden?	444 Waar worden de volgende olympische winterspelen gehouden?	446 Waar werden de eerste olympische spelen gehouden?	447 Waar werden na Athene de olympische spelen gehouden?	450 Waar worden de olympische spelen van 2016 gehouden?	477 Waar werden de Olympische Jeugdspelen voor het eerst gehouden?	505 Waar werden de Olympische Winterspelen na de Olympische Winterspelen van 2002 gehouden?	537 Wanneer werden de Olypische spelen in Nederland gehouden?	574 Waar werden de olympische zomerspelen na 2008 gehouden?
17	dragen		34 Wie droegen de Olympische vlam tijdens de Olympische Winterspelen van 2014?	94 Wie droeg de toorts bij de opening van de Olympische Winterspelen van 2002?	168 Wie droeg de Jamaicaanse vlag op de openingsceremonie van de Olympische Zomerspelen 2012	193 Wie droegen de fakkel bij de spelen van 2012?	265 Wie droegen de Olympische vlam voor de Olympische Zomerspelen van 2012?	268 Wie droegen de Nederlandse vlag op de Olympische Spelen van 2012	294 Welk rugnummer draagt voetballer Lionel Messi, die met Argentinië de gouden medaille won in 2008?	347 wie droeg de vlam 1936 olympische spelen	360 Wie droeg in 2000 het olympisch vuur naar de openingsceremonie voor de olympische zomerspelen in Sydney?	406 Wie droegen de Olympische vlam tijdens de Olympische Winterspelen in 2014?	431 Wie droeg de Nederlandse vlag tijdens de Olympische Spelen in 1964?	443 Wie droeg in 2014 de olympische vlam?	504 Wie droeg de toorts bij de opening van de Olympische Winterspelen van 2002?	514 Wie droegen de fakkel in de Olympische Winterspelen van 2014?	533 Wie droegen de fakkel bij de spelen van 2012?	593 Wie droegen de Olympische vlam met de Olympische Zomerspelen van 2012?	608 Welke twee personen droegen het olympisch vuur op de winterspelen van 2014?
15	openen		47 Wie opende de eerste moderne Olympische Zomerspelen in 1896?	86 Wie opende de Zomerspelen van 2012?	125 Wie opende de Olympische Spelen van 1996?	138 Wie opende de Olympische Zomperspelen in 1956?	327 Wie opende de Olympische winterspelen na de Olympische Winterspelen 1994?	399 Wie opende de Olympische Zomerspelen in 2004	425 Wie opende de olympische winterspelen in 2002?	439 Wie opende de Olympische Spelen meer dan één keer?	445 Wie opende de olympische spelen van 2010?	452 Wie opende de olympische zomerspelen van 2012?	460 Wie opende de eerste olympische winterspelen?	475 Wie opende de Olympische Zomerspelen in Berlijn?	498 Wie opende de Olympische Zomerspelen van 1936?	595 Wie opende de Olympische Winterspelen van 1994?	609 Wie opende de Olympische Winterspelen van 2010?
13	bijnaam		16 Wat is de bijnaam van Sven Kramer?	46 Wat is de bijnaam van wielrenner Paolo Bettini?	55 Wat zijn de twee bijnamen van Epke Zonderland?	119 Wat zijn de twee bijnamen van Epke Zonderland?	157 Wat is de bijnaam van de wereldberoemde snowboarder Shaun White?	166 Wat is de bijnaam van Olympisch Turner Epke Zonderland?	182 Wat zijn de 2 bijnamen van Olympisch zwemkampion Michael Phelps?	239 Wat is de bijnaam van Olympisch atleet Sven Kramer?	247  Wat is de bijnaam van schaatser Jan Smeekens?	272 Wat is de bijnaam van Sven Kramer?	289 Wat zijn de twee bijnamen van Epke Zonderland?	293 Wat is de bijnaam van de Nederlandse zwemster Inge de Bruijn?	410 Wat zijn de bijnamen van Pieter van den Hoogenband?
10	lang		6 Hoe lang is de Olympisch kampioen triatlon voor vrouwen van 2000?	19 Hoe lang is Epke Zonderland?	74 Hoe lang is verspringer Bob Beamon	120 Hoe lang is Ranomi Kromowidjojo?	271 Hoe lang is Usain Bolt?	298 Hoe lang is olympisch kampioen Epke Zonderland?	313 Hoe lang is Usain Bolt?	334 Hoe lang is de Nederlandse sprinter, die voor de Nederlandse Antillen meedeed aan de zomer Olympische Spelen in 2004 en 2008 en geboren is in Willemstad?	365 Hoe lang is Usain Bolt?	464 Hoe lang is verspringer Bob Beamon
8	plaats_vinden		69 Waar vinden de Olympische Zomerspelen van 2020 plaats?	84 Wanneer vinden de volgende Olympische Winterspelen plaats?	92 Waar vonden de eerste moderne Olympische Spelen plaats?	132 Wanneer vond de eerste Olympische Zomerspelen plaats?	256 Wanneer vinden de volgende Olympische Winterspelen plaats?	415 Waar vonden de Olympische spelen van 1928 plaats?	502 Waar vonden de eerste moderne Olympische Spelen plaats?	581 Wanneer vinden de eerstvolgende Winterspelen plaats?
8	organiseren		81 Wanneer werden de eerste Olympische Zomerspelen georganiseerd?	93 Wie organiseren de Olympische Jeugdspelen?	101 Wie organiseert de Olympische Spelen?	305 Wie organiseert de olympische spelen?	427 Waar werden de olympische winterspelen georganiseerd na die van 2002?	476 Wie organiseert de Olympische Jeugdspelen?	500 Welke organisatie organiseert de Olyplische spelen?	503 Wie organiseren de Olympische Jeugdspelen?
8	winnen		98 Wie won de mannenwegwedstrijd van het wielrennen op de Olympische Zomerspelen van 2012?	113 Welke Nederlandse vrouw won drie gouden medailles met zwemmen op de Olympische Zomerspelen van 2000?	434 Wie won de zilveren medaille voor de rodelwedstrijd voor dubbels tijdens de Olympische Winterspelen in 2014?	508 Wie won de mannenwegwedstrijd van het wielrennen op de Olympische Zomerspelen van 2012?	517 Wie won er bij het schaatsen op de Olympsiche Winterspelen 2014 niet goud, maar zilver?	555 Wie won een zilveren medaille voor 200 meter rugslag mannen op de laatste Olympische Spelen die in Londen werden gehouden?	560 Welk land won de meeste gouden medailles in de Olympische Spelen van 2008?	561 Welke Nederlandse sporter won de 10 kilometer op de Olympische winterspelen van 2014?
6	hebben		3 Wie heeft de Olympische Winterspelen van 2014 geopend?	258 Wie had de 50 meter vrije slag op de Olympische Zomerspelen 2012 gewonnen?	331 Welke Jamaicaanse sprinter heeft als nickname Lightning Bolt?	358 Wie heeft de olympische zomerspelen in Barcelona 1992 geopend?	412 Wie heeft de klassieke Olympische spelen verboden in het jaar 393?	557 Hoeveel deelnemers hadden de eerste Olympische Spelen?
6	vlag_drager		9 Wie waren de Nederlandse vlaggendragers bij de Winterspelen van 2006?	141 Wie waren de vlaggendragers voor Nederland op de Olympische Spelen van 2014	176 Wie waren de Nederlandse vlagdragers op de Olympische Winterspelen in 2006?	398 Wie waren de vlagdragers voor Nederland in de Olympische Zomerspelen 2008	597 Wie was de vlaggendrager van Duitsland op de Olympische Zomerspelen van 1932?	607 Wat waren de twee vlaggendragers van Oostenrijk op de Olympische Spelen van 2010?
6	geboren		12 Wanneer is Ranomi Kromowidjojo geboren?	17 Wanneer is sven kramer geboren?	317 Wanneer was hij geboren?	320 Wanneer was zij geboren?	363 Waar werd Sven Kramer geboren?	490 Waar werd Anky van Grunsven geboren?
6	naam		30 Wat is de volledige naam van de in 1982 geboren Amerikaanse sporter met de bijnaam Ruthless?	60 Wat is een andere naam voor de Zevenkamp bij atletiek?	122 Wat is de volledige naam van Epke Zonderland?	183 Wat is de voormalige naam van het Olympische stadion in Berlijn?	295 Wat is de volledige naam van Jamaicaans sprinter Usain Bolt?	605 Wat zijn de twee officiële namen van de Olympische Zomerspelen?
5	coach		21 Wie is de coach van het Brits olympisch voetbalelftal?	27 Wie is de coach van Anastasia Tsjaun?	175 Wie is de coach van Michael Phelps?	245  Wie is de coach van Carien Kleibeuker?	379 Wie is de coach van Ranomi Kromowidjojo?
5	vaak		284 Hoe vaak nam Elena Liashenko deel aan de Olympische Spelen?	325 Hoe vaak deed Michaels dorpjemeester mee aan de Olympische spelen?	329 Hoe vaak werden de Olympische Spelen in Los Angeles gehouden?	338 Hoe vaak is Churandy Martina op de zomer Olympische Spelen uitgekomen als sprint atleet voor de Nederlandse Antillen?	436 Hoe vaak heeft Kiribati ooit meegedaan aan de Olympische Spelen?
4	worden		29 Wanneer werd het Worstelen een onderdeel op de Paralympics?	59 Wanneer werd hoogspringen een paralympisch onderdeel?	435 Welke olympische gewichtheffer werd president van Nauru?	562 Welke Nederlandse sporter werd 2e op de 10 kilometer op de Olympische winterspelen van 2014?
4	eindigen		91 Wanneer eindigden de Olympische Zomerspelen van 2008?	356 Welke landen eindigden in de top vier bij het mannenvoetbal op de olympische zomerspelen van 2004 in Athene?	496 Wanneer eindigden de Olympische Zomerspelen van 2000?	501 Wanneer eindigden de Olympische Zomerspelen van 2008?
4	heten		145 Hoe heet de organisatie die de Olympische Spelen organiseert	230 Hoe heet de vrouw die goud won op de zevenkamp tijdens de Olympische Spelen van 2012?	275 Hoe heet de organisatie die de Olympische Spelen organiseert?	336 Hoe heet de vrouwelijke Nederlandse sprintster, die in 2015 wereldkampioen is geworden op de 200 meter sprint?
3	beginnen		163 Wanneer begonnen de Olympische Winterspelen in 1948 in Sankt Moritz	552 Wanneer beginnen de Olympische Zomerspelen van 2016?	572 Wanneer beginnen de olympische spelen 2016?
3	doen		348 hoeveel landen deden niet mee olympische spelen 2010?	359 Hoeveel landen deden er in 2006 aan de olympische winterspelen in Turijn?	426 Hoeveel landen deden mee met de olympische winterspelen in 2002?
2	fakkel_drager		49 Wie waren de fakkeldragers van de Olympische Zomerspelen in 2012?	530 Wie waren de fakkeldragers bij de winterspelen in Sotsji 2014?
2	scheidsrechter		79 Wie waren de scheidsrechters bij het Olympisch kwalificatietoernooi voetbal 2012 (OFC_mannen)?	469 Wie waren de scheidsrechters bij het Olympisch kwalificatietoernooi voetbal 2012 (OFC_mannen)?
2	web_site		96 Wat is de website van de Olympische Spelen?	506 Wat is de website van de Olympische Spelen?
2	voorzitter		140 Wie is de voorzitter van de NOC*NSF?	180 Wie is de voorzitter van de NOC*NSF?
2	nemen		171 Hoeveel landen namen deel aan de Olympische Zomerspelen in 2008?	604 Hoeveel landen namen deel aan de Olympische Zomerspelen van 1928?
2	aan_steken		229 Wie stak de vlam aan voor de Olympische Spelen van 1960?	403 Wie stak de Olympische vlam aan op de Olympische Winterspelen in 1988?
2	wereldkampioen		273 Wie zijn de huidige wereldkampioenen in verspringen?	485 Wie is de huidige wereldkampioen op de 100 meter hordenlopen?
2	af_leggen		299 Wie legde de olympische eed af tijdens de Olympische Zomerspelen van 2008?	428 Wie legde de eed af op de Olympische spelen in 2004?
1	editie		1 Wat zijn de aankomende edities van de Olympische Spelen?
1	wereld_record		57 Wat is het wereldrecord op de 4x400m estafette bij de mannen, zowel indoor als outdoor?
1	geboorte_plaats		114 Wat is de geboorteplaats van Sven Kramer?
1	specialisatie		150 Wat was de specialisatie van Ard Schenk op de Olympische Spelen
1	topscorer		151 Wie is tot nu toe de topscorer van het Nederlandse hockeyploeg (mannen)?
1	rang		164 Wat was de rang van Nederland op de medaille spiegel op de Olympische Zomerspelen in 2012?
1	bondscoach		178 Wie is de bondscoach van de Nederlandse vrouwelijke hockeyploeg?
1	overlijden		181 Wanneer overleed Olympisch kampioene Atje Keulen Deelstra?
1	pakken		186 Welke medaille pakte Sjinkie Knegt in de finale van de 1000 meter Shorttrack op de Olympische winterspelen in 2014
1	bestaan		188 Uit welke 6 zwemsters bestond het team dat op de Olympische zomerspelen van 2012 een gouden medaille pakte op de 4 x 100 meter vrije slag?
1	sport		219 Wat is het officiële aantal sporten van de Olympische Winterspelen?
1	zwaar		243 Hoe zwaar is olympisch kampioen Maarten van der Weijden?
1	tellen		277 Hoeveel sporten tellen de Olympische Zomerspelen?
1	lengte		285 Wat is de lengte van Sven Kramer?
1	deel_nemen		296 Hoeveel altleten namen er deel aan de Olympische Zomerspelen in 2012?
1	af_lopen		350 wanner waren de olympische spelen 1996 afgelopen?
1	wereldrecordhouder		376 Wie zijn de huidige wereldrecordhouders op de 100 meter (atletiek)?
1	stichten		384 Wanneer is Rio de Janeiro gesticht?
1	presentator		392 Wie zijn de presentatoren van het programma NOS Studio Sport Zomer?
1	ontwerpen		407 Wie ontwierp het Olympisch Stadion in Amsterdam?
1	winnaar		416 Wie was de grote winnaar van de Olympische spelen van 1936?
1	maken		417 Wanneer worden de Olympische spelen van 2024 en 2028 bekend gemaakt?
1	zullen		456 Wanneer zullen de olympische winterspelen van 2018 beginnen?
1	trainer		488 Wie is de trainer van de wielrennerploeg waar Tom Boonen deel van uitmaakt?
1	vinden		492 Waar vinden de Olympische Zomerspelen zich af in 2016?
1	topman		497 Wie is de topman van het NOC*NSF?
1	composeer		523 Wie composeerde de olympische hymne in 1936?
1	bobsleeers		524 Wie zijn alle olympische bobsleeers van Nederland ooit?
1	president		527 Wie is de president van het NOC*NSF?
1	vakkeldrager		549 Wie was de vakkeldrager bij de olympische zomerspelen van 1980?
1	vallen		587 Op welke datum valt de eerste dag van de Olympische Zomerspelen van 2018?
1	vlam_drager		589 Wie waren de vlamdragers van de Olympische Zomerspelen van 2012?
